<?xml version="1.0" encoding="UTF-8"?>
<project-private xmlns="http://www.netbeans.org/ns/project-private/1">
    <editor-bookmarks xmlns="http://www.netbeans.org/ns/editor-bookmarks/2" lastBookmarkId="0"/>
    <open-files xmlns="http://www.netbeans.org/ns/projectui-open-files/2">
        <group>
            <file>file:/C:/xampp/htdocs/newleaf/application/models/Reg_model.php</file>
            <file>file:/C:/xampp/htdocs/newleaf/js/app.js</file>
            <file>file:/C:/xampp/htdocs/newleaf/application/models/User_model.php</file>
            <file>file:/C:/xampp/htdocs/newleaf/application/controllers/Home.php</file>
            <file>file:/C:/xampp/htdocs/newleaf/application/views/home.php</file>
            <file>file:/C:/xampp/htdocs/newleaf/application/controllers/User.php</file>
            <file>file:/C:/xampp/htdocs/newleaf/js/brides.json</file>
            <file>file:/C:/xampp/htdocs/newleaf/application/controllers/Profile.php</file>
        </group>
    </open-files>
</project-private>
